/*CREATE TABLE IF NOT EXISTS FEEPLAN (
    ID INT PRIMARY KEY,
    NAME VARCHAR(100),
    LOCATION VARCHAR(100),
    BIRTHDATE TIMESTAMP
    
);*/


CREATE TABLE IF NOT EXISTS FEEPLAN (
    FEEPLAN_ID VARCHAR(36) NOT NULL,
    LONG_DESC VARCHAR(200),
    STATUS VARCHAR(30) NOT NULL,
    EFF_START_DT DATE NOT NULL,
    EFF_END_DT DATE,
    VERSION INT DEFAULT 1,
    CREATED_DT TIMESTAMP,
    UPDATED_DT TIMESTAMP,
    UPDATED_BY VARCHAR(30),
    CREATED_BY VARCHAR(30),
    FEEPLAN_NAME VARCHAR(10) NOT NULL,
    SHORT_DESC VARCHAR(30) NOT NULL,
    VALIDITY_PERIOD_DAYS INT,
    FOR_NEW_CUSTOEMRS_ONLY BOOLEAN,
    IS_GLOBAL BOOLEAN,
    PREVIOUS_VERSION_ID VARCHAR(36),
    ENROLLMENT_START_DT DATE NOT NULL,
    ENROLLMENT_END_DT DATE,
    RULE_ID VARCHAR(36),
    PRIMARY KEY (FEEPLAN_ID),
    FOREIGN KEY (PREVIOUS_VERSION_ID) REFERENCES FEEPLAN(FEEPLAN_ID)
);

INSERT INTO FEEPLAN (
    FEEPLAN_ID,
    LONG_DESC,
    STATUS,
    EFF_START_DT,
    EFF_END_DT,
    VERSION,
    CREATED_DT,
    UPDATED_DT,
    UPDATED_BY,
    CREATED_BY,
    FEEPLAN_NAME,
    SHORT_DESC,
    VALIDITY_PERIOD_DAYS,
    FOR_NEW_CUSTOEMRS_ONLY,
    IS_GLOBAL,
    PREVIOUS_VERSION_ID,
    ENROLLMENT_START_DT,
    ENROLLMENT_END_DT,
    RULE_ID
) VALUES (
    '123e4567-e89b-12d3-a456-426614174000',
    'Sample Fee Plan Description',
    'ACTIVE',
    CURRENT_DATE,
    DATEADD('DAY', 90, CURRENT_DATE),
    1,
    CURRENT_TIMESTAMP,
    CURRENT_TIMESTAMP,
    'admin',
    'admin',
    'PLAN001',
    'Basic Plan',
    90,
    TRUE,
    FALSE,
    NULL,
    CURRENT_DATE,
    DATEADD('DAY', 30, CURRENT_DATE),
    'rule-001'
);



/*INSERT INTO PERSON(ID,NAME,LOCATION,BIRTHDATE) VALUES (1000,'SWapnil','pune',CURRENT_TIMESTAMP);
INSERT INTO PERSON(ID,NAME,LOCATION,BIRTHDATE) VALUES (1001,'chotu','nagpur',CURRENT_TIMESTAMP);
INSERT INTO PERSON(ID,NAME,LOCATION,BIRTHDATE) VALUES (1002,'monu','mumbai',CURRENT_TIMESTAMP);*/
/*
CREATE TABLE IF NOT EXISTS COURSE (
    ID INT PRIMARY KEY,
    NAME VARCHAR(100)
   
);
INSERT INTO COURSE(ID,NAME) VALUES (2000,'JPA');
INSERT INTO COURSE(ID,NAME) VALUES (2001,'SPRING');
INSERT INTO COURSE(ID,NAME) VALUES (2002,'JAVA');

CREATE TABLE IF NOT EXISTS PASSPORT (
    ID INT PRIMARY KEY,
    NUMBER VARCHAR(100)
);
INSERT INTO PASSPORT(ID,NUMBER) VALUES (4000,'E12314');
INSERT INTO PASSPORT(ID,NUMBER) VALUES (4001,'N2352342');
INSERT INTO PASSPORT(ID,NUMBER) VALUES (4002,'S234234234');

CREATE TABLE IF NOT EXISTS STUDENT (
    ID INT PRIMARY KEY,
    NAME VARCHAR(100),
    PASSPORT_ID VARCHAR(100)
);
INSERT INTO STUDENT(ID,NAME,PASSPORT_ID) VALUES (1000,'RAMESH',4000);
INSERT INTO STUDENT(ID,NAME,PASSPORT_ID) VALUES (1001,'SURESH',4001);
INSERT INTO STUDENT(ID,NAME,PASSPORT_ID) VALUES (1002,'ANIL',4002);

CREATE TABLE IF NOT EXISTS REVIEW (
    ID INT PRIMARY KEY,
    DESCRIPTION VARCHAR(100),
    RATING VARCHAR(100),
     COURSE_ID VARCHAR(100)
);
INSERT INTO REVIEW(ID,DESCRIPTION,RATING,COURSE_ID) VALUES (5000,'Great Course','5','2000');
INSERT INTO REVIEW(ID,DESCRIPTION,RATING,COURSE_ID) VALUES (5001,'Best Course','3','2001');
INSERT INTO REVIEW(ID,DESCRIPTION,RATING,COURSE_ID) VALUES (5002,'Good Course','4','2002');


INSERT INTO STUDENT_COURSE(STUDENT_ID,COURSE_ID) VALUES (1000,'2000');
INSERT INTO STUDENT_COURSE(STUDENT_ID,COURSE_ID) VALUES (1000,'2000');
INSERT INTO STUDENT_COURSE(STUDENT_ID,COURSE_ID) VALUES (1000,'2000');
INSERT INTO STUDENT_COURSE(STUDENT_ID,COURSE_ID) VALUES (1001,'2001');
*/